Name	Size(bp)
intron_added-1	86
intron_added-2	883
intron_added-3	3860
intron_added-4	425
intron_added-5	78
intron_added-6	80
intron_added-7	9565
intron_added-8	7474
intron_added-9	406
intron_added-10	2229
intron_added-11	369
intron_added-12	100
intron_added-13	341
intron_added-14	1932
intron_added-15	5963
intron_added-16	149
intron_added-17	250
intron_added-18	241
intron_added-19	1054
intron_added-20	1004
intron_added-21	1166
intron_added-22	2040
intron_added-23	504
intron_added-24	425
intron_added-25	1435
intron_added-26	1144
intron_added-27	74
intron_added-28	1081
intron_added-29	369
intron_added-30	2559
intron_added-31	304
intron_added-32	231
intron_added-33	10214
intron_added-34	557
intron_added-35	4818
intron_added-36	2268
intron_added-37	2337
intron_added-38	10214
intron_added-39	575
intron_added-40	4818
intron_added-41	2268
intron_added-42	2337
intron_added-43	58609
intron_added-44	39025
intron_added-45	10443
intron_added-46	11490
intron_added-47	7057
intron_added-48	1230
intron_added-49	1601
intron_added-50	1494
intron_added-51	2983
intron_added-52	1823
intron_added-53	4142
intron_added-54	1076
intron_added-55	563
intron_added-56	3683
intron_added-57	852
intron_added-58	799
intron_added-59	414
intron_added-60	227
intron_added-61	237
intron_added-62	372
intron_added-63	249
intron_added-64	369
intron_added-65	612
intron_added-66	507
intron_added-67	472
intron_added-68	1129
intron_added-69	3535
intron_added-70	885
intron_added-71	440
intron_added-72	356
intron_added-73	585
intron_added-74	848
intron_added-75	521
intron_added-76	629
intron_added-77	674
intron_added-78	1173
intron_added-79	228
intron_added-80	514
intron_added-81	2956
intron_added-82	798
intron_added-83	1514
intron_added-84	213
intron_added-85	231
intron_added-86	539
intron_added-87	665
intron_added-88	198
intron_added-89	69
intron_added-90	558
intron_added-91	1772
intron_added-92	853
intron_added-93	1158
intron_added-94	497
intron_added-95	4923
intron_added-96	1269
intron_added-97	5957
intron_added-98	968
intron_added-99	321
intron_added-100	427
intron_added-101	1291
intron_added-102	89
intron_added-103	761
intron_added-104	853
intron_added-105	1158
intron_added-106	497
intron_added-107	4923
intron_added-108	1269
intron_added-109	5957
intron_added-110	968
intron_added-111	321
intron_added-112	427
intron_added-113	1291
intron_added-114	89
intron_added-115	7082
intron_added-116	597
intron_added-117	81
intron_added-118	150
intron_added-119	35628
intron_added-120	138
intron_added-121	454
intron_added-122	69
intron_added-123	138
intron_added-124	454
intron_added-125	830
intron_added-126	438
intron_added-127	990
intron_added-128	142
intron_added-129	341
intron_added-130	478
intron_added-131	92
intron_added-132	1835
intron_added-133	290
intron_added-134	1276
intron_added-135	735
intron_added-136	737
intron_added-137	1040
intron_added-138	663
intron_added-139	319
intron_added-140	438
intron_added-141	325
intron_added-142	84
intron_added-143	333
intron_added-144	118741
intron_added-145	6929
intron_added-146	18312
intron_added-147	50701
intron_added-148	12406
intron_added-149	19022
intron_added-150	3111
intron_added-151	7396
intron_added-152	463
intron_added-153	1705
intron_added-154	2565
intron_added-155	348
intron_added-156	314
intron_added-157	452
intron_added-158	277
intron_added-159	847
intron_added-160	3232
intron_added-161	145
intron_added-162	86
intron_added-163	563
intron_added-164	301
intron_added-165	524
intron_added-166	812
intron_added-167	75
intron_added-168	1259
intron_added-169	1014
intron_added-170	242
intron_added-171	252
intron_added-172	3632
intron_added-173	287
intron_added-174	264
intron_added-175	250
intron_added-176	1259
intron_added-177	1014
intron_added-178	242
intron_added-179	252
intron_added-180	3632
intron_added-181	287
intron_added-182	264
intron_added-183	250
intron_added-184	2210
intron_added-185	580
intron_added-186	697
intron_added-187	583
intron_added-188	655
intron_added-189	6850
intron_added-190	418
intron_added-191	4496
intron_added-192	528
intron_added-193	1341
intron_added-194	790
intron_added-195	390
intron_added-196	611
intron_added-197	632
intron_added-198	172
intron_added-199	204
intron_added-200	69
intron_added-201	6213
intron_added-202	357
intron_added-203	1918
intron_added-204	6683
intron_added-205	752
intron_added-206	382
intron_added-207	547
intron_added-208	2509
intron_added-209	1530
intron_added-210	2269
intron_added-211	2045
intron_added-212	764
intron_added-213	752
intron_added-214	382
intron_added-215	547
intron_added-216	2509
intron_added-217	1530
intron_added-218	2269
intron_added-219	2045
intron_added-220	923
intron_added-221	2925
intron_added-222	447
intron_added-223	492
intron_added-224	147
intron_added-225	419
intron_added-226	1508
intron_added-227	1084
intron_added-228	187
intron_added-229	980
intron_added-230	1226
intron_added-231	73
intron_added-232	78
intron_added-233	68
intron_added-234	1129
intron_added-235	727
intron_added-236	1470
intron_added-237	2391
intron_added-238	283
intron_added-239	368
intron_added-240	331
intron_added-241	392
intron_added-242	1367
intron_added-243	76
intron_added-244	791
intron_added-245	4038
intron_added-246	13279
intron_added-247	1184
intron_added-248	475
intron_added-249	566
intron_added-250	409
intron_added-251	88
intron_added-252	171
intron_added-253	601
intron_added-254	458
intron_added-255	522
intron_added-256	248
intron_added-257	133
intron_added-258	142
intron_added-259	336
intron_added-260	164
intron_added-261	85
intron_added-262	83
intron_added-263	89
intron_added-264	401
intron_added-265	1434
intron_added-266	177
intron_added-267	219
intron_added-268	71
intron_added-269	86
intron_added-270	143
intron_added-271	174
intron_added-272	95
intron_added-273	2691
intron_added-274	562
intron_added-275	522
intron_added-276	399
intron_added-277	614
intron_added-278	401
intron_added-279	674
intron_added-280	498
intron_added-281	125
intron_added-282	96
intron_added-283	100
intron_added-284	72
intron_added-285	1507
intron_added-286	492
intron_added-287	370
intron_added-288	193
intron_added-289	79
intron_added-290	575
intron_added-291	387
intron_added-292	516
intron_added-293	142
intron_added-294	237
intron_added-295	1022
intron_added-296	2920
intron_added-297	4844
intron_added-298	874
intron_added-299	198
intron_added-300	2560
intron_added-301	2928
intron_added-302	424
intron_added-303	370
intron_added-304	234
intron_added-305	558
intron_added-306	3106
intron_added-307	3293
intron_added-308	424
intron_added-309	370
intron_added-310	234
intron_added-311	558
intron_added-312	3106
intron_added-313	2662
intron_added-314	118
intron_added-315	159
intron_added-316	817
intron_added-317	90
intron_added-318	285
intron_added-319	1991
intron_added-320	285
intron_added-321	1991
intron_added-322	4851
intron_added-323	4086
intron_added-324	398
intron_added-325	2649
intron_added-326	397
intron_added-327	994
intron_added-328	415
intron_added-329	858
intron_added-330	629
intron_added-331	1548
intron_added-332	237
intron_added-333	3386
intron_added-334	61135
intron_added-335	45441
intron_added-336	447
intron_added-337	3170
intron_added-338	5316
intron_added-339	7952
intron_added-340	502
intron_added-341	249
intron_added-342	4776
intron_added-343	2333
intron_added-344	1217
intron_added-345	1250
intron_added-346	321
intron_added-347	113
intron_added-348	6566
intron_added-349	740
intron_added-350	820
intron_added-351	11321
intron_added-352	317
intron_added-353	1066
intron_added-354	1312
intron_added-355	1051
intron_added-356	6031
intron_added-357	406
intron_added-358	50519
intron_added-359	61462
intron_added-360	254
intron_added-361	71
intron_added-362	74
intron_added-363	242
intron_added-364	3273
intron_added-365	1052
intron_added-366	2225
intron_added-367	441
intron_added-368	2856
intron_added-369	382
intron_added-370	1129
intron_added-371	262
intron_added-372	1057
intron_added-373	1077
intron_added-374	494
intron_added-375	714
intron_added-376	2001
intron_added-377	168
intron_added-378	74
intron_added-379	999
intron_added-380	3446
intron_added-381	2112
intron_added-382	3899
intron_added-383	188
intron_added-384	128
intron_added-385	104
intron_added-386	1961
intron_added-387	904
intron_added-388	646
intron_added-389	652
intron_added-390	550
intron_added-391	524
intron_added-392	1757
intron_added-393	247
intron_added-394	414
intron_added-395	1392
intron_added-396	398
intron_added-397	86
intron_added-398	670
intron_added-399	287
intron_added-400	136
intron_added-401	504
intron_added-402	83
intron_added-403	20662
intron_added-404	670
intron_added-405	248
intron_added-406	640
intron_added-407	543
intron_added-408	656
intron_added-409	535
intron_added-410	125164
intron_added-411	2445
intron_added-412	786
intron_added-413	69
intron_added-414	296
intron_added-415	205
intron_added-416	341
intron_added-417	406
intron_added-418	9210
intron_added-419	2527
intron_added-420	3162
intron_added-421	700
intron_added-422	308
intron_added-423	454
intron_added-424	185
intron_added-425	1993
intron_added-426	201
intron_added-427	153
intron_added-428	91
intron_added-429	959
intron_added-430	512
intron_added-431	1177
intron_added-432	1200
intron_added-433	423
intron_added-434	782
intron_added-435	1352
intron_added-436	842
intron_added-437	1871
intron_added-438	6222
intron_added-439	2985
intron_added-440	495
intron_added-441	743
intron_added-442	269
intron_added-443	272
intron_added-444	176
intron_added-445	740
intron_added-446	505
intron_added-447	511
intron_added-448	776
intron_added-449	771
intron_added-450	862
intron_added-451	1253
intron_added-452	3869
intron_added-453	1446
intron_added-454	601
intron_added-455	2582
intron_added-456	347
intron_added-457	55
intron_added-458	34
intron_added-459	55
intron_added-460	88
intron_added-461	630
intron_added-462	1098
intron_added-463	590
intron_added-464	235
intron_added-465	325
intron_added-466	183
intron_added-467	251
intron_added-468	204
intron_added-469	470
intron_added-470	607
intron_added-471	310
intron_added-472	590
intron_added-473	120
intron_added-474	127
intron_added-475	476
intron_added-476	780
intron_added-477	89
intron_added-478	467
intron_added-479	2071
intron_added-480	696
intron_added-481	1651
intron_added-482	3484
intron_added-483	1164
intron_added-484	972
intron_added-485	255
intron_added-486	525
intron_added-487	246
intron_added-488	668
intron_added-489	723
intron_added-490	201
intron_added-491	2758
intron_added-492	866
intron_added-493	169
intron_added-494	652
intron_added-495	596
intron_added-496	1882
intron_added-497	1756
intron_added-498	6546
intron_added-499	83913
intron_added-500	628
intron_added-501	651
intron_added-502	1982
intron_added-503	4766
intron_added-504	7673
intron_added-505	71
intron_added-506	88
intron_added-507	302
intron_added-508	8968
intron_added-509	6817
intron_added-510	2308
intron_added-511	114099
intron_added-512	30366
intron_added-513	1316
intron_added-514	4269
intron_added-515	7906
intron_added-516	499
intron_added-517	1257
intron_added-518	950
intron_added-519	602
intron_added-520	171
intron_added-521	721
intron_added-522	1764
intron_added-523	2074
intron_added-524	379
intron_added-525	296
intron_added-526	499
intron_added-527	170
intron_added-528	379
intron_added-529	296
intron_added-530	499
intron_added-531	170
intron_added-532	747
intron_added-533	59
intron_added-534	671
intron_added-535	545
intron_added-536	1942
intron_added-537	1247
intron_added-538	7751
intron_added-539	1600
intron_added-540	3225
intron_added-541	2249
intron_added-542	211
intron_added-543	1983
intron_added-544	69
intron_added-545	452
intron_added-546	7045
intron_added-547	1600
intron_added-548	3225
intron_added-549	2249
intron_added-550	211
intron_added-551	1983
intron_added-552	69
intron_added-553	7617
intron_added-554	1600
intron_added-555	3225
intron_added-556	2249
intron_added-557	211
intron_added-558	1983
intron_added-559	7617
intron_added-560	1600
intron_added-561	3225
intron_added-562	2249
intron_added-563	211
intron_added-564	1983
intron_added-565	7841
intron_added-566	1600
intron_added-567	3225
intron_added-568	2249
intron_added-569	211
intron_added-570	1983
intron_added-571	7841
intron_added-572	1600
intron_added-573	3225
intron_added-574	2249
intron_added-575	211
intron_added-576	1983
intron_added-577	7045
intron_added-578	1600
intron_added-579	3225
intron_added-580	2249
intron_added-581	211
intron_added-582	1983
intron_added-583	11266
intron_added-584	6245
intron_added-585	8314
intron_added-586	619
intron_added-587	1021
intron_added-588	1423
intron_added-589	436
intron_added-590	345
intron_added-591	533
intron_added-592	325
intron_added-593	528
intron_added-594	554
intron_added-595	610
intron_added-596	1733
intron_added-597	7018
intron_added-598	436
intron_added-599	345
intron_added-600	533
intron_added-601	325
intron_added-602	528
intron_added-603	554
intron_added-604	610
intron_added-605	1733
intron_added-606	82
intron_added-607	122
intron_added-608	555
intron_added-609	386
intron_added-610	3761
intron_added-611	829
intron_added-612	85
intron_added-613	480
intron_added-614	4502
intron_added-615	10309
intron_added-616	24719
intron_added-617	3747
intron_added-618	3761
intron_added-619	829
intron_added-620	480
intron_added-621	4502
intron_added-622	10309
intron_added-623	24719
intron_added-624	751
intron_added-625	829
intron_added-626	85
intron_added-627	480
intron_added-628	4502
intron_added-629	10309
intron_added-630	24719
intron_added-631	3747
intron_added-632	250
intron_added-633	105
intron_added-634	83
intron_added-635	896
intron_added-636	908
intron_added-637	601
intron_added-638	842
intron_added-639	583
intron_added-640	1277
intron_added-641	544
intron_added-642	244
intron_added-643	1284
intron_added-644	863
intron_added-645	90760
intron_added-646	16647
intron_added-647	284
intron_added-648	512
intron_added-649	1293
intron_added-650	727
intron_added-651	647
intron_added-652	457
intron_added-653	688
intron_added-654	791
intron_added-655	216
intron_added-656	116
intron_added-657	271
intron_added-658	116
intron_added-659	271
intron_added-660	1159
intron_added-661	2463
intron_added-662	637
intron_added-663	5170
intron_added-664	1282
intron_added-665	6366
intron_added-666	91
intron_added-667	3616
intron_added-668	15046
intron_added-669	95
intron_added-670	156
intron_added-671	380
intron_added-672	536
intron_added-673	1758
intron_added-674	389
intron_added-675	2051
intron_added-676	990
intron_added-677	2865
intron_added-678	469
intron_added-679	17778
intron_added-680	16254
intron_added-681	6443
intron_added-682	861
intron_added-683	6898
intron_added-684	1913
intron_added-685	6898
intron_added-686	32244
intron_added-687	124065
intron_added-688	1150
intron_added-689	1228
intron_added-690	481
intron_added-691	366
intron_added-692	93
intron_added-693	83
intron_added-694	2240
intron_added-695	344
intron_added-696	104
intron_added-697	85
intron_added-698	125
intron_added-699	79
intron_added-700	190
intron_added-701	218
intron_added-702	10441
intron_added-703	1021
intron_added-704	1302
intron_added-705	1145
intron_added-706	1232
intron_added-707	158
intron_added-708	412
intron_added-709	632
intron_added-710	316
intron_added-711	82
intron_added-712	1021
intron_added-713	1302
intron_added-714	1148
intron_added-715	1232
intron_added-716	158
intron_added-717	412
intron_added-718	632
intron_added-719	316
intron_added-720	82
intron_added-721	251
intron_added-722	17104
intron_added-723	466
intron_added-724	3616
intron_added-725	277
intron_added-726	1746
intron_added-727	712
intron_added-728	1002
intron_added-729	529
intron_added-730	1986
intron_added-731	144
intron_added-732	340
intron_added-733	1291
intron_added-734	77
intron_added-735	888
intron_added-736	556
intron_added-737	1038
intron_added-738	10015
intron_added-739	1015
intron_added-740	14695
intron_added-741	88
intron_added-742	160
intron_added-743	928
intron_added-744	770
intron_added-745	1634
intron_added-746	200
intron_added-747	85
intron_added-748	633
intron_added-749	302
intron_added-750	55
intron_added-751	1401
intron_added-752	737
intron_added-753	7630
intron_added-754	2468
intron_added-755	452
intron_added-756	161
intron_added-757	4420
intron_added-758	395
intron_added-759	644
intron_added-760	748
intron_added-761	757
intron_added-762	644
intron_added-763	829
intron_added-764	2863
intron_added-765	242
intron_added-766	615
intron_added-767	242
intron_added-768	366
intron_added-769	159
intron_added-770	242
intron_added-771	1622
intron_added-772	242
intron_added-773	365
intron_added-774	158
intron_added-775	1256
intron_added-776	6967
intron_added-777	4104
intron_added-778	30607
intron_added-779	99
intron_added-780	827
intron_added-781	804
intron_added-782	760
intron_added-783	78
intron_added-784	516
intron_added-785	3021
intron_added-786	2924
intron_added-787	4000
intron_added-788	264
intron_added-789	127
intron_added-790	974
intron_added-791	1171
intron_added-792	268
intron_added-793	10595
intron_added-794	12863
intron_added-795	1132
intron_added-796	4918
intron_added-797	2577
intron_added-798	6847
intron_added-799	180
intron_added-800	10410
intron_added-801	13200
intron_added-802	1203
intron_added-803	4673
intron_added-804	50991
intron_added-805	28326
intron_added-806	101
intron_added-807	182
intron_added-808	985
intron_added-809	1600
intron_added-810	368
intron_added-811	845
intron_added-812	987
intron_added-813	9077
intron_added-814	2286
intron_added-815	1703
intron_added-816	1132
intron_added-817	2279
intron_added-818	2053
intron_added-819	1150
intron_added-820	308
intron_added-821	65
intron_added-822	1957
intron_added-823	10824
intron_added-824	10087
intron_added-825	30235
intron_added-826	1985
intron_added-827	9088
intron_added-828	734
intron_added-829	1744
intron_added-830	1444
intron_added-831	940
intron_added-832	5283
intron_added-833	1644
intron_added-834	940
intron_added-835	342
intron_added-836	67
intron_added-837	815
intron_added-838	2363
intron_added-839	841
intron_added-840	7106
intron_added-841	1518
intron_added-842	1106
intron_added-843	2938
intron_added-844	689
intron_added-845	2256
intron_added-846	103
intron_added-847	61
intron_added-848	205
intron_added-849	6000
intron_added-850	1476
intron_added-851	3932
intron_added-852	6333
intron_added-853	2140
intron_added-854	2023
intron_added-855	246
intron_added-856	28810
intron_added-857	2023
intron_added-858	246
intron_added-859	1916
intron_added-860	4489
intron_added-861	1812
intron_added-862	1235
intron_added-863	593
intron_added-864	996
intron_added-865	3783
intron_added-866	1784
intron_added-867	448
intron_added-868	154
intron_added-869	253
intron_added-870	490
intron_added-871	12733
intron_added-872	79
intron_added-873	15137
intron_added-874	694
intron_added-875	47821
intron_added-876	22199
intron_added-877	28453
intron_added-878	84
intron_added-879	73
intron_added-880	452
intron_added-881	6904
intron_added-882	512
intron_added-883	507
intron_added-884	1993
intron_added-885	171
intron_added-886	601
intron_added-887	3219
intron_added-888	77
intron_added-889	1491
intron_added-890	3219
intron_added-891	77
intron_added-892	655
intron_added-893	111
intron_added-894	1622
intron_added-895	797
intron_added-896	682
intron_added-897	428
intron_added-898	213
intron_added-899	315
intron_added-900	143
intron_added-901	577
intron_added-902	344
intron_added-903	928
intron_added-904	247
intron_added-905	2609
intron_added-906	234
intron_added-907	242
intron_added-908	6574
intron_added-909	359
intron_added-910	479
intron_added-911	1110
intron_added-912	552
intron_added-913	807
intron_added-914	992
intron_added-915	875
intron_added-916	321
intron_added-917	371
intron_added-918	1577
intron_added-919	296
intron_added-920	364
intron_added-921	309
intron_added-922	832
intron_added-923	1113
intron_added-924	670
intron_added-925	544
intron_added-926	1748
intron_added-927	3102
intron_added-928	562
intron_added-929	1749
intron_added-930	2009
intron_added-931	273
intron_added-932	76
intron_added-933	90
intron_added-934	190
intron_added-935	643
intron_added-936	120
intron_added-937	410
intron_added-938	87
intron_added-939	1545
intron_added-940	73
intron_added-941	3244
intron_added-942	1090
intron_added-943	633
intron_added-944	775
intron_added-945	766
intron_added-946	781
intron_added-947	7576
intron_added-948	142
intron_added-949	248
intron_added-950	177
intron_added-951	687
intron_added-952	1100
intron_added-953	2450
intron_added-954	2045
intron_added-955	7236
intron_added-956	774
intron_added-957	907
intron_added-958	31734
intron_added-959	48698
intron_added-960	83
intron_added-961	407
intron_added-962	386
intron_added-963	85
intron_added-964	213
intron_added-965	790
intron_added-966	1615
intron_added-967	1840
intron_added-968	785
intron_added-969	513
intron_added-970	592
intron_added-971	685
intron_added-972	915
intron_added-973	917
intron_added-974	285
intron_added-975	945
intron_added-976	953
intron_added-977	2991
intron_added-978	532
intron_added-979	1214
intron_added-980	753
intron_added-981	79
intron_added-982	389
intron_added-983	73
intron_added-984	74
intron_added-985	332
intron_added-986	15146
intron_added-987	4845
intron_added-988	7146
intron_added-989	16216
intron_added-990	238
intron_added-991	5107
intron_added-992	437
intron_added-993	102
intron_added-994	1132
intron_added-995	24114
intron_added-996	6504
intron_added-997	15043
intron_added-998	366
intron_added-999	279
intron_added-1000	1281
intron_added-1001	1033
intron_added-1002	107
intron_added-1003	387
intron_added-1004	172
intron_added-1005	442
intron_added-1006	747
intron_added-1007	59
intron_added-1008	76
intron_added-1009	1929
intron_added-1010	389
intron_added-1011	95
intron_added-1012	816
intron_added-1013	1232
intron_added-1014	2341
intron_added-1015	805
intron_added-1016	629
intron_added-1017	1393
intron_added-1018	938
intron_added-1019	7623
intron_added-1020	52088
intron_added-1021	177
intron_added-1022	327
intron_added-1023	9065
intron_added-1024	61
intron_added-1025	15712
intron_added-1026	2515
intron_added-1027	750
intron_added-1028	80
intron_added-1029	2515
intron_added-1030	750
intron_added-1031	92
intron_added-1032	3780
intron_added-1033	1231
intron_added-1034	440
intron_added-1035	553
intron_added-1036	191
intron_added-1037	476
intron_added-1038	151
intron_added-1039	88
intron_added-1040	84
intron_added-1041	1177
intron_added-1042	6961
intron_added-1043	800
intron_added-1044	1189
intron_added-1045	342
intron_added-1046	353
intron_added-1047	957
intron_added-1048	1060
intron_added-1049	82
intron_added-1050	376
intron_added-1051	748
intron_added-1052	405
intron_added-1053	71
intron_added-1054	293
intron_added-1055	825
intron_added-1056	87
intron_added-1057	1255
intron_added-1058	562
intron_added-1059	1184
intron_added-1060	184
intron_added-1061	1110
intron_added-1062	14751
intron_added-1063	26811
intron_added-1064	16089
intron_added-1065	7039
intron_added-1066	1002
intron_added-1067	1101
intron_added-1068	2944
intron_added-1069	1850
intron_added-1070	1831
intron_added-1071	5973
intron_added-1072	1712
intron_added-1073	6044
intron_added-1074	101
intron_added-1075	101
intron_added-1076	101
intron_added-1077	385
intron_added-1078	1702
intron_added-1079	946
intron_added-1080	459
intron_added-1081	1254
intron_added-1082	603
intron_added-1083	250
intron_added-1084	264
intron_added-1085	931
intron_added-1086	102
intron_added-1087	755
intron_added-1088	228
intron_added-1089	4536
intron_added-1090	392
intron_added-1091	86
intron_added-1092	385
intron_added-1093	1702
intron_added-1094	946
intron_added-1095	459
intron_added-1096	1254
intron_added-1097	603
intron_added-1098	250
intron_added-1099	264
intron_added-1100	931
intron_added-1101	102
intron_added-1102	755
intron_added-1103	228
intron_added-1104	4536
intron_added-1105	388
intron_added-1106	86
intron_added-1107	3047
intron_added-1108	2771
intron_added-1109	137
intron_added-1110	177
intron_added-1111	1558
intron_added-1112	2389
intron_added-1113	728
intron_added-1114	3385
intron_added-1115	3625
intron_added-1116	582
intron_added-1117	1305
intron_added-1118	490
intron_added-1119	81
intron_added-1120	126
intron_added-1121	623
intron_added-1122	553
intron_added-1123	344
intron_added-1124	296
intron_added-1125	737
intron_added-1126	1222
intron_added-1127	566
intron_added-1128	1092
intron_added-1129	1098
intron_added-1130	2526
intron_added-1131	4628
intron_added-1132	20529
intron_added-1133	4390
intron_added-1134	73362
intron_added-1135	885
intron_added-1136	610
intron_added-1137	1513
intron_added-1138	394
intron_added-1139	550
intron_added-1140	3463
intron_added-1141	65415
intron_added-1142	7045
intron_added-1143	5679
intron_added-1144	623
intron_added-1145	553
intron_added-1146	344
intron_added-1147	296
intron_added-1148	737
intron_added-1149	1222
intron_added-1150	566
intron_added-1151	1092
intron_added-1152	1098
intron_added-1153	2526
intron_added-1154	4628
intron_added-1155	20529
intron_added-1156	4390
intron_added-1157	73362
intron_added-1158	885
intron_added-1159	610
intron_added-1160	1513
intron_added-1161	394
intron_added-1162	550
intron_added-1163	3463
intron_added-1164	65415
intron_added-1165	22373
intron_added-1166	341
intron_added-1167	48349
intron_added-1168	623
intron_added-1169	553
intron_added-1170	344
intron_added-1171	296
intron_added-1172	737
intron_added-1173	1222
intron_added-1174	566
intron_added-1175	1092
intron_added-1176	1098
intron_added-1177	2526
intron_added-1178	4628
intron_added-1179	20529
intron_added-1180	4390
intron_added-1181	73362
intron_added-1182	885
intron_added-1183	610
intron_added-1184	914
intron_added-1185	263
intron_added-1186	394
intron_added-1187	550
intron_added-1188	3463
intron_added-1189	65415
intron_added-1190	22373
intron_added-1191	341
intron_added-1192	192
intron_added-1193	2223
intron_added-1194	83
intron_added-1195	184
intron_added-1196	319
intron_added-1197	1128
intron_added-1198	16138
intron_added-1199	2390
intron_added-1200	2693
intron_added-1201	670
intron_added-1202	492
intron_added-1203	2708
intron_added-1204	140
intron_added-1205	597
intron_added-1206	707
intron_added-1207	255
intron_added-1208	982
intron_added-1209	1001
intron_added-1210	424
intron_added-1211	867
intron_added-1212	272
intron_added-1213	388
intron_added-1214	95
intron_added-1215	80
intron_added-1216	134
intron_added-1217	597
intron_added-1218	707
intron_added-1219	255
intron_added-1220	982
intron_added-1221	1001
intron_added-1222	424
intron_added-1223	867
intron_added-1224	272
intron_added-1225	388
intron_added-1226	95
intron_added-1227	80
intron_added-1228	1318
intron_added-1229	5648
intron_added-1230	1202
intron_added-1231	1910
intron_added-1232	593
intron_added-1233	683
intron_added-1234	1910
intron_added-1235	593
intron_added-1236	683
intron_added-1237	83
intron_added-1238	8187
intron_added-1239	103
intron_added-1240	179
intron_added-1241	516
intron_added-1242	3162
intron_added-1243	107
intron_added-1244	132
intron_added-1245	691
intron_added-1246	856
intron_added-1247	338
intron_added-1248	257
intron_added-1249	242
intron_added-1250	114
intron_added-1251	82
intron_added-1252	151
intron_added-1253	258
intron_added-1254	4911
intron_added-1255	1503
intron_added-1256	808
intron_added-1257	2047
intron_added-1258	2554
intron_added-1259	680
intron_added-1260	8527
intron_added-1261	530
intron_added-1262	1857
intron_added-1263	88
intron_added-1264	35
intron_added-1265	133
intron_added-1266	594
intron_added-1267	2901
intron_added-1268	4281
intron_added-1269	556
intron_added-1270	625
intron_added-1271	81
intron_added-1272	945
intron_added-1273	165
intron_added-1274	509
intron_added-1275	72
intron_added-1276	76
intron_added-1277	2176
intron_added-1278	275
intron_added-1279	74
intron_added-1280	4021
intron_added-1281	909
intron_added-1282	2672
intron_added-1283	472
intron_added-1284	509
intron_added-1285	72
intron_added-1286	76
intron_added-1287	275
intron_added-1288	74
intron_added-1289	4021
intron_added-1290	909
intron_added-1291	2672
intron_added-1292	472
intron_added-1293	155
intron_added-1294	222
intron_added-1295	496
intron_added-1296	187
intron_added-1297	7848
intron_added-1298	7200
intron_added-1299	230
intron_added-1300	286
intron_added-1301	119
intron_added-1302	366
intron_added-1303	3051
intron_added-1304	953
intron_added-1305	93
intron_added-1306	553
intron_added-1307	536
intron_added-1308	2303
intron_added-1309	1858
intron_added-1310	1592
intron_added-1311	195
intron_added-1312	196
intron_added-1313	1151
intron_added-1314	74
intron_added-1315	302
intron_added-1316	93
intron_added-1317	83
intron_added-1318	77
intron_added-1319	3062
intron_added-1320	397
intron_added-1321	397
intron_added-1322	13657
intron_added-1323	8061
intron_added-1324	18215
intron_added-1325	808
intron_added-1326	72
intron_added-1327	119
intron_added-1328	1497
intron_added-1329	87
intron_added-1330	5069
intron_added-1331	309
intron_added-1332	158
intron_added-1333	392
intron_added-1334	11679
intron_added-1335	7904
intron_added-1336	657
intron_added-1337	952
intron_added-1338	372
intron_added-1339	478
intron_added-1340	233
intron_added-1341	291
intron_added-1342	625
intron_added-1343	237
intron_added-1344	762
intron_added-1345	418
intron_added-1346	417
intron_added-1347	633
intron_added-1348	105
intron_added-1349	303
intron_added-1350	1856
intron_added-1351	853
intron_added-1352	2478
intron_added-1353	614
intron_added-1354	326
intron_added-1355	27209
intron_added-1356	2344
intron_added-1357	73
intron_added-1358	1154
intron_added-1359	83
intron_added-1360	954
intron_added-1361	730
intron_added-1362	90
intron_added-1363	83
intron_added-1364	75
intron_added-1365	1076
intron_added-1366	1280
intron_added-1367	72
intron_added-1368	84
intron_added-1369	73
intron_added-1370	190
intron_added-1371	389
intron_added-1372	216
intron_added-1373	327
intron_added-1374	99
intron_added-1375	123
intron_added-1376	5809
intron_added-1377	2344
intron_added-1378	73
intron_added-1379	1154
intron_added-1380	83
intron_added-1381	954
intron_added-1382	730
intron_added-1383	90
intron_added-1384	83
intron_added-1385	75
intron_added-1386	1076
intron_added-1387	1280
intron_added-1388	84
intron_added-1389	73
intron_added-1390	190
intron_added-1391	389
intron_added-1392	216
intron_added-1393	327
intron_added-1394	99
intron_added-1395	123
intron_added-1396	5809
intron_added-1397	4513
intron_added-1398	2435
intron_added-1399	1641
intron_added-1400	1812
intron_added-1401	1916
intron_added-1402	2332
intron_added-1403	418
intron_added-1404	2435
intron_added-1405	1641
intron_added-1406	1812
intron_added-1407	1916
intron_added-1408	2332
intron_added-1409	1151
intron_added-1410	998
intron_added-1411	303
intron_added-1412	101
intron_added-1413	647
intron_added-1414	303
intron_added-1415	647
intron_added-1416	123
intron_added-1417	101
intron_added-1418	647
intron_added-1419	146
intron_added-1420	8579
intron_added-1421	6357
intron_added-1422	1255
intron_added-1423	952
intron_added-1424	348
intron_added-1425	4779
intron_added-1426	946
intron_added-1427	366
intron_added-1428	898
intron_added-1429	401
intron_added-1430	1061
intron_added-1431	82
intron_added-1432	74
intron_added-1433	2034
intron_added-1434	1720
intron_added-1435	235
intron_added-1436	1517
intron_added-1437	9200
intron_added-1438	1157
intron_added-1439	321
intron_added-1440	1282
intron_added-1441	1223
intron_added-1442	284
intron_added-1443	1981
intron_added-1444	1514
intron_added-1445	146
intron_added-1446	6109
intron_added-1447	388
intron_added-1448	584
intron_added-1449	78
intron_added-1450	197
intron_added-1451	486
intron_added-1452	177
intron_added-1453	326
intron_added-1454	6306
intron_added-1455	7495
intron_added-1456	576
intron_added-1457	428
intron_added-1458	1310
intron_added-1459	768
intron_added-1460	563
intron_added-1461	1092
intron_added-1462	833
intron_added-1463	319
intron_added-1464	659
intron_added-1465	587
intron_added-1466	900
intron_added-1467	1317
intron_added-1468	1032
intron_added-1469	102
intron_added-1470	112
intron_added-1471	568
intron_added-1472	823
intron_added-1473	1395
intron_added-1474	563
intron_added-1475	2610
intron_added-1476	5271
intron_added-1477	12370
intron_added-1478	45735
intron_added-1479	4504
intron_added-1480	5013
intron_added-1481	30722
intron_added-1482	2492
intron_added-1483	273
intron_added-1484	15606
intron_added-1485	78
intron_added-1486	867
intron_added-1487	2386
intron_added-1488	624
intron_added-1489	1268
intron_added-1490	283
intron_added-1491	645
intron_added-1492	590
intron_added-1493	389
intron_added-1494	645
intron_added-1495	590
intron_added-1496	158
intron_added-1497	645
intron_added-1498	590
intron_added-1499	130
intron_added-1500	92
intron_added-1501	7427
intron_added-1502	1180
intron_added-1503	394
intron_added-1504	80
intron_added-1505	745
intron_added-1506	80
intron_added-1507	745
intron_added-1508	103
intron_added-1509	80
intron_added-1510	745
intron_added-1511	91
intron_added-1512	336
intron_added-1513	567
intron_added-1514	386
intron_added-1515	715
intron_added-1516	641
intron_added-1517	799
intron_added-1518	2419
intron_added-1519	7946
intron_added-1520	307
intron_added-1521	786
intron_added-1522	423
intron_added-1523	992
intron_added-1524	249
intron_added-1525	10263
intron_added-1526	9514
intron_added-1527	992
intron_added-1528	919
intron_added-1529	202
intron_added-1530	176
intron_added-1531	110
intron_added-1532	63
intron_added-1533	245
intron_added-1534	968
intron_added-1535	1667
intron_added-1536	1000
intron_added-1537	106
intron_added-1538	2737
intron_added-1539	323
intron_added-1540	322
intron_added-1541	562
intron_added-1542	108
intron_added-1543	25126
intron_added-1544	213
intron_added-1545	77
intron_added-1546	92
intron_added-1547	92
intron_added-1548	909
intron_added-1549	1661
intron_added-1550	370
intron_added-1551	903
intron_added-1552	1486
intron_added-1553	792
intron_added-1554	1297
intron_added-1555	821
intron_added-1556	464
intron_added-1557	288
intron_added-1558	27250
intron_added-1559	4919
intron_added-1560	7542
intron_added-1561	4424
intron_added-1562	671
intron_added-1563	1837
intron_added-1564	239
intron_added-1565	594
intron_added-1566	120
intron_added-1567	82
intron_added-1568	437
intron_added-1569	78
intron_added-1570	73
intron_added-1571	4280
intron_added-1572	4723
intron_added-1573	348
intron_added-1574	365
intron_added-1575	1003
intron_added-1576	1014
intron_added-1577	1010
intron_added-1578	1071
intron_added-1579	210
intron_added-1580	635
intron_added-1581	90
intron_added-1582	171
intron_added-1583	78
intron_added-1584	272
intron_added-1585	72
intron_added-1586	1272
intron_added-1587	2046
intron_added-1588	10832
intron_added-1589	8392
intron_added-1590	653
intron_added-1591	15393
intron_added-1592	400
intron_added-1593	925
intron_added-1594	66
intron_added-1595	700
intron_added-1596	1535
intron_added-1597	2911
intron_added-1598	1027
intron_added-1599	294
intron_added-1600	787
intron_added-1601	1551
intron_added-1602	132
intron_added-1603	709
intron_added-1604	630
intron_added-1605	132
intron_added-1606	709
intron_added-1607	657
intron_added-1608	856
intron_added-1609	231
intron_added-1610	271
intron_added-1611	556
intron_added-1612	351
intron_added-1613	1845
intron_added-1614	810
intron_added-1615	652
intron_added-1616	1184
intron_added-1617	1089
intron_added-1618	1265
intron_added-1619	1074
intron_added-1620	1378
intron_added-1621	5009
intron_added-1622	345
intron_added-1623	680
intron_added-1624	7694
intron_added-1625	2868
intron_added-1626	2295
intron_added-1627	912
intron_added-1628	852
intron_added-1629	595
intron_added-1630	1093
intron_added-1631	974
intron_added-1632	3263
intron_added-1633	420
intron_added-1634	525
intron_added-1635	868
intron_added-1636	650
intron_added-1637	528
intron_added-1638	328
intron_added-1639	260
intron_added-1640	785
intron_added-1641	1258
intron_added-1642	961
intron_added-1643	426
intron_added-1644	621
intron_added-1645	319
intron_added-1646	353
intron_added-1647	522
intron_added-1648	815
intron_added-1649	1304
intron_added-1650	84
intron_added-1651	214
intron_added-1652	490
intron_added-1653	802
intron_added-1654	276
intron_added-1655	410
intron_added-1656	407
intron_added-1657	1523
intron_added-1658	796
intron_added-1659	4776
intron_added-1660	5575
intron_added-1661	1347
intron_added-1662	1556
intron_added-1663	102
intron_added-1664	2196
intron_added-1665	588
intron_added-1666	459
intron_added-1667	228
intron_added-1668	3505
intron_added-1669	19124
intron_added-1670	4953
intron_added-1671	905
intron_added-1672	633
intron_added-1673	849
intron_added-1674	1642
intron_added-1675	319
intron_added-1676	569
intron_added-1677	1065
intron_added-1678	854
intron_added-1679	548
intron_added-1680	322
intron_added-1681	779
intron_added-1682	230
intron_added-1683	459
intron_added-1684	739
intron_added-1685	1541
intron_added-1686	164
intron_added-1687	3505
intron_added-1688	19124
intron_added-1689	4953
intron_added-1690	905
intron_added-1691	633
intron_added-1692	849
intron_added-1693	1642
intron_added-1694	319
intron_added-1695	569
intron_added-1696	1065
intron_added-1697	854
intron_added-1698	548
intron_added-1699	322
intron_added-1700	779
intron_added-1701	230
intron_added-1702	459
intron_added-1703	739
intron_added-1704	1541
intron_added-1705	198
intron_added-1706	974
intron_added-1707	1644
intron_added-1708	745
intron_added-1709	535
intron_added-1710	315
intron_added-1711	563
intron_added-1712	435
intron_added-1713	3010
intron_added-1714	368
intron_added-1715	606
intron_added-1716	438
intron_added-1717	745
intron_added-1718	535
intron_added-1719	315
intron_added-1720	563
intron_added-1721	435
intron_added-1722	3010
intron_added-1723	368
intron_added-1724	606
intron_added-1725	1211
intron_added-1726	375
intron_added-1727	144
intron_added-1728	420
intron_added-1729	28710
intron_added-1730	666
intron_added-1731	850
intron_added-1732	377
intron_added-1733	632
intron_added-1734	1900
intron_added-1735	1204
intron_added-1736	199
intron_added-1737	28460
intron_added-1738	666
intron_added-1739	850
intron_added-1740	377
intron_added-1741	632
intron_added-1742	1900
intron_added-1743	1204
intron_added-1744	338
intron_added-1745	62307
intron_added-1746	53389
intron_added-1747	377
intron_added-1748	11605
intron_added-1749	1170
intron_added-1750	462
intron_added-1751	2718
intron_added-1752	590
intron_added-1753	4025
intron_added-1754	11605
intron_added-1755	1170
intron_added-1756	462
intron_added-1757	2718
intron_added-1758	590
intron_added-1759	1313
intron_added-1760	990
intron_added-1761	679
intron_added-1762	577
intron_added-1763	81
intron_added-1764	487
intron_added-1765	8147
intron_added-1766	1091
intron_added-1767	624
intron_added-1768	175
intron_added-1769	1712
intron_added-1770	744
intron_added-1771	80
intron_added-1772	78
intron_added-1773	73
intron_added-1774	1453
intron_added-1775	1381
intron_added-1776	624
intron_added-1777	2286
intron_added-1778	830
intron_added-1779	1537
intron_added-1780	1732
intron_added-1781	2189
intron_added-1782	1453
intron_added-1783	1381
intron_added-1784	624
intron_added-1785	2286
intron_added-1786	830
intron_added-1787	1029
intron_added-1788	367
intron_added-1789	1732
intron_added-1790	2189
intron_added-1791	59
intron_added-1792	1730
intron_added-1793	3092
intron_added-1794	1213
intron_added-1795	772
intron_added-1796	524
intron_added-1797	3291
intron_added-1798	2906
intron_added-1799	1883
intron_added-1800	720
intron_added-1801	720
intron_added-1802	635
intron_added-1803	370
intron_added-1804	5445
intron_added-1805	265
intron_added-1806	562
intron_added-1807	134
intron_added-1808	15978
intron_added-1809	481
intron_added-1810	1003
intron_added-1811	276
intron_added-1812	1203
intron_added-1813	76
intron_added-1814	76
intron_added-1815	76
intron_added-1816	76
intron_added-1817	76
intron_added-1818	76
intron_added-1819	76
intron_added-1820	76
intron_added-1821	76
intron_added-1822	76
intron_added-1823	76
intron_added-1824	76
intron_added-1825	76
intron_added-1826	79
intron_added-1827	76
intron_added-1828	76
intron_added-1829	76
intron_added-1830	76
intron_added-1831	76
intron_added-1832	76
intron_added-1833	76
intron_added-1834	76
intron_added-1835	76
intron_added-1836	76
intron_added-1837	76
intron_added-1838	76
intron_added-1839	76
intron_added-1840	76
intron_added-1841	76
intron_added-1842	76
intron_added-1843	76
intron_added-1844	76
intron_added-1845	76
intron_added-1846	16291
intron_added-1847	4943
intron_added-1848	314
intron_added-1849	335
intron_added-1850	292
intron_added-1851	890
intron_added-1852	820
intron_added-1853	154
intron_added-1854	2664
intron_added-1855	441
intron_added-1856	403
intron_added-1857	287
intron_added-1858	81
intron_added-1859	1438
intron_added-1860	385
intron_added-1861	807
intron_added-1862	432
intron_added-1863	910
intron_added-1864	861
intron_added-1865	427
intron_added-1866	367
intron_added-1867	230
intron_added-1868	694
intron_added-1869	238
intron_added-1870	290
intron_added-1871	285
intron_added-1872	77
intron_added-1873	1452
intron_added-1874	385
intron_added-1875	807
intron_added-1876	432
intron_added-1877	910
intron_added-1878	861
intron_added-1879	427
intron_added-1880	367
intron_added-1881	230
intron_added-1882	694
intron_added-1883	238
intron_added-1884	290
intron_added-1885	285
intron_added-1886	77
intron_added-1887	126
intron_added-1888	630
intron_added-1889	484
intron_added-1890	2105
intron_added-1891	100
intron_added-1892	112
intron_added-1893	232
intron_added-1894	83
intron_added-1895	3684
intron_added-1896	450
intron_added-1897	426
intron_added-1898	1175
intron_added-1899	1111
intron_added-1900	2836
intron_added-1901	923
intron_added-1902	2878
intron_added-1903	430
intron_added-1904	11202
intron_added-1905	601
intron_added-1906	990
intron_added-1907	589
intron_added-1908	899
intron_added-1909	567
intron_added-1910	310
intron_added-1911	198
intron_added-1912	81
intron_added-1913	11505
intron_added-1914	341
intron_added-1915	72
intron_added-1916	83
intron_added-1917	798
intron_added-1918	3279
intron_added-1919	222
intron_added-1920	352
intron_added-1921	431
intron_added-1922	323
intron_added-1923	2168
intron_added-1924	582
intron_added-1925	887
intron_added-1926	13975
intron_added-1927	147
intron_added-1928	114
intron_added-1929	836
intron_added-1930	449
intron_added-1931	671
intron_added-1932	394
intron_added-1933	413
intron_added-1934	1014
intron_added-1935	458
intron_added-1936	149
intron_added-1937	2081
intron_added-1938	9607
intron_added-1939	2411
intron_added-1940	788
intron_added-1941	2147
intron_added-1942	1329
intron_added-1943	304
intron_added-1944	87
intron_added-1945	1295
intron_added-1946	2102
intron_added-1947	1221
intron_added-1948	692
intron_added-1949	1641
intron_added-1950	1922
intron_added-1951	20647
intron_added-1952	102
intron_added-1953	3874
intron_added-1954	47
intron_added-1955	1869
intron_added-1956	8954
intron_added-1957	177
intron_added-1958	467
intron_added-1959	717
intron_added-1960	426
intron_added-1961	1170
intron_added-1962	248
intron_added-1963	2231
intron_added-1964	153
intron_added-1965	81
intron_added-1966	70
intron_added-1967	560
intron_added-1968	145
intron_added-1969	40
intron_added-1970	199
intron_added-1971	1400
intron_added-1972	1631
intron_added-1973	1425
intron_added-1974	1549
intron_added-1975	1438
intron_added-1976	1319
intron_added-1977	13287
intron_added-1978	26
intron_added-1979	89
intron_added-1980	138
intron_added-1981	1888
intron_added-1982	36196
intron_added-1983	1398
intron_added-1984	322
intron_added-1985	966
intron_added-1986	201
intron_added-1987	4820
intron_added-1988	62
intron_added-1989	680
intron_added-1990	14149
intron_added-1991	826
intron_added-1992	372
intron_added-1993	73
intron_added-1994	81
intron_added-1995	73
intron_added-1996	280
intron_added-1997	287
intron_added-1998	150
intron_added-1999	76
intron_added-2000	83
intron_added-2001	91
intron_added-2002	749
intron_added-2003	3523
intron_added-2004	11499
intron_added-2005	1719
intron_added-2006	12334
intron_added-2007	534
intron_added-2008	705
intron_added-2009	650
intron_added-2010	3837
intron_added-2011	1016
intron_added-2012	2364
intron_added-2013	78
intron_added-2014	3405
intron_added-2015	1002
intron_added-2016	398
intron_added-2017	466
intron_added-2018	1066
intron_added-2019	7741
intron_added-2020	6718
intron_added-2021	502
intron_added-2022	247
intron_added-2023	3311
intron_added-2024	391
intron_added-2025	669
intron_added-2026	117
intron_added-2027	1547
intron_added-2028	1316
intron_added-2029	263
intron_added-2030	247
intron_added-2031	3311
intron_added-2032	391
intron_added-2033	669
intron_added-2034	117
intron_added-2035	1547
intron_added-2036	1316
intron_added-2037	263
intron_added-2038	696
intron_added-2039	16457
intron_added-2040	848
intron_added-2041	768
intron_added-2042	698
intron_added-2043	568
intron_added-2044	448
intron_added-2045	670
intron_added-2046	358
intron_added-2047	723
intron_added-2048	72
intron_added-2049	85
intron_added-2050	399
intron_added-2051	910
intron_added-2052	3607
intron_added-2053	385
intron_added-2054	452
intron_added-2055	1126
intron_added-2056	14626
intron_added-2057	55
intron_added-2058	447
intron_added-2059	757
intron_added-2060	77
intron_added-2061	447
intron_added-2062	1668
intron_added-2063	1904
intron_added-2064	209
intron_added-2065	8299
intron_added-2066	284
intron_added-2067	251
intron_added-2068	2242
intron_added-2069	5264
intron_added-2070	338
intron_added-2071	93
intron_added-2072	444
intron_added-2073	301
intron_added-2074	4011
intron_added-2075	93
intron_added-2076	444
intron_added-2077	301
intron_added-2078	3637
intron_added-2079	108
intron_added-2080	61
intron_added-2081	9170
intron_added-2082	8721
intron_added-2083	80
intron_added-2084	870
intron_added-2085	260
intron_added-2086	1655
intron_added-2087	14608
intron_added-2088	9620
intron_added-2089	36431
intron_added-2090	9620
intron_added-2091	36431
intron_added-2092	1064
intron_added-2093	147
intron_added-2094	3959
intron_added-2095	1010
intron_added-2096	1566
intron_added-2097	7519
intron_added-2098	6916
intron_added-2099	1597
intron_added-2100	1995
intron_added-2101	16818
intron_added-2102	72
intron_added-2103	654
intron_added-2104	330
intron_added-2105	918
intron_added-2106	467
intron_added-2107	681
intron_added-2108	6869
intron_added-2109	399
intron_added-2110	1971
intron_added-2111	114
intron_added-2112	901
intron_added-2113	523
intron_added-2114	1333
intron_added-2115	172
intron_added-2116	8331
intron_added-2117	27441
intron_added-2118	15652
intron_added-2119	1377
intron_added-2120	784
intron_added-2121	592
intron_added-2122	1495
intron_added-2123	815
intron_added-2124	884
intron_added-2125	906
intron_added-2126	1635
intron_added-2127	10158
intron_added-2128	5151
intron_added-2129	1268
intron_added-2130	86
intron_added-2131	1506
intron_added-2132	1290
intron_added-2133	1102
intron_added-2134	421
intron_added-2135	3731
intron_added-2136	558
intron_added-2137	586
intron_added-2138	876
intron_added-2139	662
intron_added-2140	2053
intron_added-2141	2255
intron_added-2142	706
intron_added-2143	5161
intron_added-2144	576
intron_added-2145	685
intron_added-2146	1957
intron_added-2147	293
intron_added-2148	3072
intron_added-2149	5434
intron_added-2150	700
intron_added-2151	866
intron_added-2152	75
intron_added-2153	189
intron_added-2154	1814
intron_added-2155	11822
intron_added-2156	19005
intron_added-2157	223
intron_added-2158	731
intron_added-2159	167
intron_added-2160	4782
intron_added-2161	121
intron_added-2162	963
intron_added-2163	425
intron_added-2164	812
intron_added-2165	918
intron_added-2166	1561
intron_added-2167	411
intron_added-2168	859
intron_added-2169	92
intron_added-2170	474
intron_added-2171	708
intron_added-2172	892
intron_added-2173	663
intron_added-2174	464
intron_added-2175	364
intron_added-2176	1279
intron_added-2177	700
intron_added-2178	1430
intron_added-2179	444
intron_added-2180	1829
intron_added-2181	2296
intron_added-2182	46
intron_added-2183	29
intron_added-2184	734
intron_added-2185	4585
intron_added-2186	130
intron_added-2187	866
intron_added-2188	745
intron_added-2189	1862
intron_added-2190	285
intron_added-2191	654
intron_added-2192	735
intron_added-2193	488
intron_added-2194	801
intron_added-2195	407
intron_added-2196	351
intron_added-2197	183
intron_added-2198	1602
intron_added-2199	3626
intron_added-2200	1424
intron_added-2201	383
intron_added-2202	1597
intron_added-2203	2705
intron_added-2204	2051
intron_added-2205	721
intron_added-2206	120
intron_added-2207	232
intron_added-2208	390
intron_added-2209	300
intron_added-2210	260
intron_added-2211	126
intron_added-2212	299
intron_added-2213	3939
intron_added-2214	608
intron_added-2215	858
intron_added-2216	2517
intron_added-2217	719
intron_added-2218	3617
intron_added-2219	1970
intron_added-2220	384
intron_added-2221	552
intron_added-2222	8861
intron_added-2223	1628
intron_added-2224	2459
intron_added-2225	1608
intron_added-2226	281
intron_added-2227	358
intron_added-2228	1628
intron_added-2229	2459
intron_added-2230	1608
intron_added-2231	281
intron_added-2232	2561
intron_added-2233	1204
intron_added-2234	564
intron_added-2235	1057
intron_added-2236	1150
intron_added-2237	1178
intron_added-2238	703
intron_added-2239	663
intron_added-2240	240
intron_added-2241	553
intron_added-2242	4573
intron_added-2243	4514
intron_added-2244	856
intron_added-2245	4166
intron_added-2246	65
intron_added-2247	6712
intron_added-2248	39448
intron_added-2249	433
intron_added-2250	5614
intron_added-2251	2537
intron_added-2252	1555
intron_added-2253	2271
intron_added-2254	481
intron_added-2255	432
intron_added-2256	2596
intron_added-2257	487
intron_added-2258	401
intron_added-2259	375
intron_added-2260	336
intron_added-2261	914
intron_added-2262	2145
intron_added-2263	731
intron_added-2264	1300
intron_added-2265	618
intron_added-2266	3133
intron_added-2267	347
intron_added-2268	840
intron_added-2269	307
intron_added-2270	1144
intron_added-2271	855
intron_added-2272	524
intron_added-2273	2160
intron_added-2274	4515
intron_added-2275	225
intron_added-2276	482
intron_added-2277	1821
intron_added-2278	458
intron_added-2279	187
intron_added-2280	116
intron_added-2281	88
intron_added-2282	28136
intron_added-2283	141
intron_added-2284	5476
intron_added-2285	435
intron_added-2286	253
intron_added-2287	260
intron_added-2288	183
intron_added-2289	5059
intron_added-2290	4344
intron_added-2291	4116
intron_added-2292	87
intron_added-2293	82
intron_added-2294	190
intron_added-2295	661
intron_added-2296	754
intron_added-2297	222
intron_added-2298	8233
intron_added-2299	1187
intron_added-2300	2253
intron_added-2301	2517
intron_added-2302	3647
intron_added-2303	592
intron_added-2304	82
intron_added-2305	1992
intron_added-2306	1379
intron_added-2307	529
intron_added-2308	575
intron_added-2309	1043
intron_added-2310	525
intron_added-2311	1796
intron_added-2312	372
intron_added-2313	459
intron_added-2314	845
intron_added-2315	83
intron_added-2316	100
intron_added-2317	452
intron_added-2318	367
intron_added-2319	145
intron_added-2320	226
intron_added-2321	35
intron_added-2322	569
intron_added-2323	423
intron_added-2324	142
intron_added-2325	1526
intron_added-2326	8873
intron_added-2327	80757
intron_added-2328	993
intron_added-2329	4158
intron_added-2330	566
intron_added-2331	83
intron_added-2332	925
intron_added-2333	660
intron_added-2334	2731
intron_added-2335	4963
intron_added-2336	357
intron_added-2337	1964
intron_added-2338	6308
intron_added-2339	701
intron_added-2340	616
intron_added-2341	377
intron_added-2342	848
intron_added-2343	1192
intron_added-2344	314
intron_added-2345	541
intron_added-2346	976
intron_added-2347	650
intron_added-2348	338
intron_added-2349	298
intron_added-2350	1081
intron_added-2351	462
intron_added-2352	6702
intron_added-2353	280
intron_added-2354	410
intron_added-2355	257
intron_added-2356	676
intron_added-2357	935
intron_added-2358	214
intron_added-2359	25491
intron_added-2360	452
intron_added-2361	6260
intron_added-2362	1782
intron_added-2363	2275
intron_added-2364	445
intron_added-2365	439
intron_added-2366	280
intron_added-2367	471
intron_added-2368	947
intron_added-2369	438
intron_added-2370	226
intron_added-2371	280
intron_added-2372	471
intron_added-2373	947
intron_added-2374	438
intron_added-2375	246
intron_added-2376	1992
intron_added-2377	352
intron_added-2378	3109
intron_added-2379	1158
intron_added-2380	1814
intron_added-2381	1971
intron_added-2382	3576
intron_added-2383	964
intron_added-2384	8460
intron_added-2385	6122
intron_added-2386	632
intron_added-2387	2311
intron_added-2388	113
intron_added-2389	873
intron_added-2390	105
intron_added-2391	91
intron_added-2392	742
intron_added-2393	81
intron_added-2394	85
intron_added-2395	89
intron_added-2396	89
intron_added-2397	103
intron_added-2398	79
intron_added-2399	1745
intron_added-2400	4037
intron_added-2401	922
intron_added-2402	88
intron_added-2403	447
intron_added-2404	1971
intron_added-2405	613
intron_added-2406	8018
intron_added-2407	33209
intron_added-2408	618
intron_added-2409	9710
intron_added-2410	6592
intron_added-2411	37640
intron_added-2412	4642
intron_added-2413	447
intron_added-2414	1971
intron_added-2415	613
intron_added-2416	3099
intron_added-2417	4793
intron_added-2418	33209
intron_added-2419	618
intron_added-2420	9710
intron_added-2421	6592
intron_added-2422	37640
intron_added-2423	4642
intron_added-2424	4897
intron_added-2425	2995
intron_added-2426	1424
intron_added-2427	1022
intron_added-2428	15030
intron_added-2429	20601
intron_added-2430	636
intron_added-2431	286
intron_added-2432	3897
intron_added-2433	279
intron_added-2434	7364
intron_added-2435	6746
intron_added-2436	1860
intron_added-2437	2107
intron_added-2438	75
intron_added-2439	632
intron_added-2440	989
intron_added-2441	266
intron_added-2442	756
intron_added-2443	748
intron_added-2444	3647
intron_added-2445	246
intron_added-2446	1344
intron_added-2447	3647
intron_added-2448	246
intron_added-2449	9571
intron_added-2450	172
intron_added-2451	390
intron_added-2452	246
intron_added-2453	1344
intron_added-2454	1293
intron_added-2455	5993
intron_added-2456	23009
intron_added-2457	677
intron_added-2458	532
intron_added-2459	2064
intron_added-2460	544
intron_added-2461	1865
intron_added-2462	2183
intron_added-2463	2183
intron_added-2464	2533
intron_added-2465	514
intron_added-2466	941
intron_added-2467	1220
intron_added-2468	794
intron_added-2469	718
intron_added-2470	210
intron_added-2471	496
intron_added-2472	1133
intron_added-2473	2424
intron_added-2474	89
intron_added-2475	89
intron_added-2476	357
intron_added-2477	5459
intron_added-2478	213
intron_added-2479	764
intron_added-2480	1771
intron_added-2481	4067
intron_added-2482	2729
intron_added-2483	235
intron_added-2484	1084
intron_added-2485	573
intron_added-2486	4067
intron_added-2487	2729
intron_added-2488	235
intron_added-2489	1084
intron_added-2490	573
intron_added-2491	4067
intron_added-2492	2729
intron_added-2493	220
intron_added-2494	7082
intron_added-2495	788
intron_added-2496	1073
intron_added-2497	310
intron_added-2498	654
intron_added-2499	197
intron_added-2500	2525
intron_added-2501	1009
intron_added-2502	496
intron_added-2503	88
intron_added-2504	2239
intron_added-2505	217
intron_added-2506	648
intron_added-2507	124
intron_added-2508	525
intron_added-2509	1355
intron_added-2510	1990
intron_added-2511	931
intron_added-2512	86
intron_added-2513	208
intron_added-2514	306
intron_added-2515	494
intron_added-2516	258
intron_added-2517	40576
intron_added-2518	75382
intron_added-2519	23127
intron_added-2520	20369
intron_added-2521	293
intron_added-2522	1021
intron_added-2523	1857
intron_added-2524	1271
intron_added-2525	1012
intron_added-2526	32164
intron_added-2527	23127
intron_added-2528	20369
intron_added-2529	293
intron_added-2530	1021
intron_added-2531	1857
intron_added-2532	1271
intron_added-2533	1012
intron_added-2534	155
intron_added-2535	293
intron_added-2536	1021
intron_added-2537	1857
intron_added-2538	1271
intron_added-2539	1012
intron_added-2540	1010
intron_added-2541	1910
intron_added-2542	4956
intron_added-2543	3745
intron_added-2544	19417
intron_added-2545	313
intron_added-2546	40346
intron_added-2547	340
intron_added-2548	511
intron_added-2549	1301
intron_added-2550	451
intron_added-2551	781
intron_added-2552	19929
intron_added-2553	340
intron_added-2554	511
intron_added-2555	1301
intron_added-2556	451
intron_added-2557	781
intron_added-2558	81
intron_added-2559	146
intron_added-2560	5763
intron_added-2561	88
intron_added-2562	349
intron_added-2563	405
intron_added-2564	2218
intron_added-2565	88
intron_added-2566	349
intron_added-2567	405
intron_added-2568	2218
intron_added-2569	487
intron_added-2570	1690
intron_added-2571	349
intron_added-2572	405
intron_added-2573	2218
intron_added-2574	412
intron_added-2575	1690
intron_added-2576	52968
intron_added-2577	1752
intron_added-2578	1401
intron_added-2579	273
intron_added-2580	1693
intron_added-2581	1752
intron_added-2582	1401
intron_added-2583	273
intron_added-2584	1693
intron_added-2585	1257
intron_added-2586	557
intron_added-2587	802
intron_added-2588	1458
intron_added-2589	2188
intron_added-2590	1270
intron_added-2591	5871
intron_added-2592	479
intron_added-2593	5121
intron_added-2594	15542
intron_added-2595	377
intron_added-2596	5354
intron_added-2597	11568
intron_added-2598	322
intron_added-2599	5768
intron_added-2600	503
intron_added-2601	783
intron_added-2602	4421
intron_added-2603	723
intron_added-2604	181
intron_added-2605	5768
intron_added-2606	503
intron_added-2607	783
intron_added-2608	4421
intron_added-2609	723
intron_added-2610	181
intron_added-2611	43804
intron_added-2612	6188
intron_added-2613	101
intron_added-2614	65
intron_added-2615	77
intron_added-2616	2107
intron_added-2617	11089
intron_added-2618	28379
intron_added-2619	8680
intron_added-2620	58792
intron_added-2621	4065
intron_added-2622	1491
intron_added-2623	8394
intron_added-2624	384
intron_added-2625	2077
intron_added-2626	3133
intron_added-2627	1915
intron_added-2628	1407
intron_added-2629	149
intron_added-2630	676
intron_added-2631	80
intron_added-2632	195
intron_added-2633	1678
intron_added-2634	325
intron_added-2635	573
intron_added-2636	894
intron_added-2637	98214
intron_added-2638	17098
intron_added-2639	21301
intron_added-2640	1607
intron_added-2641	8579
intron_added-2642	24071
intron_added-2643	34043
intron_added-2644	1992
intron_added-2645	15357
intron_added-2646	3360
intron_added-2647	796
intron_added-2648	212
intron_added-2649	1073
intron_added-2650	1114
intron_added-2651	514
intron_added-2652	1306
intron_added-2653	664
intron_added-2654	915
intron_added-2655	857
intron_added-2656	616
intron_added-2657	1554
intron_added-2658	1401
intron_added-2659	3054
intron_added-2660	148
intron_added-2661	168
intron_added-2662	156
intron_added-2663	634
intron_added-2664	505
intron_added-2665	110
intron_added-2666	2567
intron_added-2667	73
intron_added-2668	85
intron_added-2669	76
intron_added-2670	64
intron_added-2671	397
intron_added-2672	1101
intron_added-2673	1327
intron_added-2674	1526
intron_added-2675	424
intron_added-2676	883
intron_added-2677	3944
intron_added-2678	423
intron_added-2679	580
intron_added-2680	6201
intron_added-2681	632
intron_added-2682	3808
intron_added-2683	969
intron_added-2684	697
intron_added-2685	1169
intron_added-2686	93
intron_added-2687	76
intron_added-2688	415
intron_added-2689	1868
intron_added-2690	433
intron_added-2691	301
intron_added-2692	2413
intron_added-2693	3394
intron_added-2694	922
intron_added-2695	878
intron_added-2696	458
intron_added-2697	301
intron_added-2698	2413
intron_added-2699	3394
intron_added-2700	922
intron_added-2701	878
intron_added-2702	458
intron_added-2703	5605
intron_added-2704	301
intron_added-2705	2413
intron_added-2706	3394
intron_added-2707	922
intron_added-2708	878
intron_added-2709	458
intron_added-2710	6011
intron_added-2711	301
intron_added-2712	2413
intron_added-2713	3394
intron_added-2714	922
intron_added-2715	878
intron_added-2716	458
intron_added-2717	5890
intron_added-2718	301
intron_added-2719	2413
intron_added-2720	3394
intron_added-2721	922
intron_added-2722	878
intron_added-2723	6448
intron_added-2724	301
intron_added-2725	2413
intron_added-2726	3394
intron_added-2727	922
intron_added-2728	878
intron_added-2729	458
intron_added-2730	5751
intron_added-2731	301
intron_added-2732	2413
intron_added-2733	3394
intron_added-2734	922
intron_added-2735	878
intron_added-2736	458
intron_added-2737	6454
intron_added-2738	2642
intron_added-2739	23470
intron_added-2740	639
intron_added-2741	5976
intron_added-2742	2971
intron_added-2743	123
intron_added-2744	9386
intron_added-2745	2235
intron_added-2746	1442
intron_added-2747	235
intron_added-2748	1442
intron_added-2749	171
intron_added-2750	850
intron_added-2751	209
intron_added-2752	165
intron_added-2753	241
intron_added-2754	343
intron_added-2755	983
intron_added-2756	64
intron_added-2757	178
intron_added-2758	2907
intron_added-2759	257
intron_added-2760	836
intron_added-2761	460
intron_added-2762	1600
intron_added-2763	657
intron_added-2764	3483
intron_added-2765	1914
intron_added-2766	666
intron_added-2767	1959
intron_added-2768	1835
intron_added-2769	236
intron_added-2770	3666
intron_added-2771	58
intron_added-2772	2075
intron_added-2773	172
intron_added-2774	3791
intron_added-2775	6917
intron_added-2776	303
intron_added-2777	1165
intron_added-2778	2011
intron_added-2779	86
intron_added-2780	141
intron_added-2781	303
intron_added-2782	1165
intron_added-2783	2011
intron_added-2784	86
intron_added-2785	1576
intron_added-2786	569
intron_added-2787	249
intron_added-2788	384
intron_added-2789	362
intron_added-2790	1669
intron_added-2791	80
intron_added-2792	71
intron_added-2793	1290
intron_added-2794	717
intron_added-2795	4805
intron_added-2796	2092
intron_added-2797	1678
intron_added-2798	287
intron_added-2799	1604
intron_added-2800	108
intron_added-2801	1012
intron_added-2802	907
intron_added-2803	1424
intron_added-2804	715
intron_added-2805	306
intron_added-2806	605
intron_added-2807	530
intron_added-2808	981
intron_added-2809	84
intron_added-2810	516
intron_added-2811	2776
intron_added-2812	3874
intron_added-2813	1556
intron_added-2814	825
intron_added-2815	1556
intron_added-2816	22734
intron_added-2817	1556
intron_added-2818	3754
intron_added-2819	70
intron_added-2820	1187
intron_added-2821	17526
intron_added-2822	108
intron_added-2823	767
intron_added-2824	349
intron_added-2825	260
intron_added-2826	548
intron_added-2827	4973
intron_added-2828	6743
intron_added-2829	1583
intron_added-2830	4027
intron_added-2831	372
intron_added-2832	722
intron_added-2833	1870
intron_added-2834	1065
intron_added-2835	459
intron_added-2836	1040
intron_added-2837	10692
intron_added-2838	4122
intron_added-2839	688
intron_added-2840	103
intron_added-2841	3755
intron_added-2842	3462
intron_added-2843	3308
intron_added-2844	2277
intron_added-2845	510
intron_added-2846	283
intron_added-2847	965
intron_added-2848	1156
intron_added-2849	915
intron_added-2850	492
intron_added-2851	546
intron_added-2852	402
intron_added-2853	216
intron_added-2854	162
intron_added-2855	246
intron_added-2856	186
intron_added-2857	83
intron_added-2858	627
intron_added-2859	792
intron_added-2860	322
intron_added-2861	2419
intron_added-2862	320
intron_added-2863	83
intron_added-2864	4738
intron_added-2865	1904
intron_added-2866	70
intron_added-2867	923
intron_added-2868	76
intron_added-2869	210
intron_added-2870	478
intron_added-2871	739
intron_added-2872	1186
intron_added-2873	482
intron_added-2874	995
intron_added-2875	1705
intron_added-2876	1105
intron_added-2877	1103
intron_added-2878	181
intron_added-2879	2183
intron_added-2880	87
intron_added-2881	8451
intron_added-2882	108
intron_added-2883	85
intron_added-2884	752
intron_added-2885	1404
intron_added-2886	644
intron_added-2887	9066
intron_added-2888	5351
intron_added-2889	4603
intron_added-2890	31246
intron_added-2891	19812
intron_added-2892	3314
intron_added-2893	1354
intron_added-2894	826
intron_added-2895	945
intron_added-2896	1891
intron_added-2897	1747
intron_added-2898	1471
intron_added-2899	910
intron_added-2900	185
intron_added-2901	2823
intron_added-2902	113
intron_added-2903	604
intron_added-2904	2497
intron_added-2905	1058
intron_added-2906	1386
intron_added-2907	483
intron_added-2908	19812
intron_added-2909	3314
intron_added-2910	1354
intron_added-2911	826
intron_added-2912	945
intron_added-2913	1891
intron_added-2914	1747
intron_added-2915	1471
intron_added-2916	910
intron_added-2917	185
intron_added-2918	2823
intron_added-2919	113
intron_added-2920	580
intron_added-2921	817
intron_added-2922	1479
intron_added-2923	1058
intron_added-2924	1347
intron_added-2925	483
intron_added-2926	97
intron_added-2927	91
intron_added-2928	8918
intron_added-2929	889
intron_added-2930	911
intron_added-2931	1169
intron_added-2932	459
intron_added-2933	2505
intron_added-2934	3177
intron_added-2935	937
intron_added-2936	250
intron_added-2937	459
intron_added-2938	228
intron_added-2939	4608
intron_added-2940	2594
intron_added-2941	519
intron_added-2942	368
intron_added-2943	318
intron_added-2944	412
intron_added-2945	758
intron_added-2946	228
intron_added-2947	372
intron_added-2948	754
intron_added-2949	580
intron_added-2950	180
intron_added-2951	1656
intron_added-2952	910
intron_added-2953	992
intron_added-2954	417
intron_added-2955	422
intron_added-2956	387
intron_added-2957	743
intron_added-2958	303
intron_added-2959	602
intron_added-2960	318
intron_added-2961	80
intron_added-2962	239
intron_added-2963	549
intron_added-2964	71
intron_added-2965	3009
intron_added-2966	246
intron_added-2967	1846
intron_added-2968	497
intron_added-2969	701
intron_added-2970	595
intron_added-2971	838
intron_added-2972	695
intron_added-2973	663
intron_added-2974	468
intron_added-2975	332
intron_added-2976	211
intron_added-2977	113
intron_added-2978	550
intron_added-2979	315
intron_added-2980	343
intron_added-2981	836
intron_added-2982	143638
intron_added-2983	2489
intron_added-2984	98024
intron_added-2985	23240
intron_added-2986	2922
intron_added-2987	916
intron_added-2988	18126
intron_added-2989	52015
intron_added-2990	2630
intron_added-2991	6850
intron_added-2992	1078
intron_added-2993	29069
intron_added-2994	5702
intron_added-2995	4360
intron_added-2996	468
intron_added-2997	1345
intron_added-2998	409
intron_added-2999	392
intron_added-3000	576
intron_added-3001	633
intron_added-3002	973
intron_added-3003	102
intron_added-3004	145
intron_added-3005	83
intron_added-3006	87
intron_added-3007	3245
intron_added-3008	302
intron_added-3009	219
intron_added-3010	286
intron_added-3011	663
intron_added-3012	1789
intron_added-3013	828
intron_added-3014	92
intron_added-3015	202
intron_added-3016	145
intron_added-3017	1587
intron_added-3018	793
intron_added-3019	265
intron_added-3020	116
intron_added-3021	78
intron_added-3022	107
intron_added-3023	308
intron_added-3024	8641
intron_added-3025	509
intron_added-3026	110
intron_added-3027	83
intron_added-3028	4518
intron_added-3029	817
intron_added-3030	3740
intron_added-3031	7873
intron_added-3032	256
intron_added-3033	2946
intron_added-3034	502
intron_added-3035	11042
intron_added-3036	65
intron_added-3037	82
intron_added-3038	513
intron_added-3039	956
intron_added-3040	2877
intron_added-3041	684
intron_added-3042	864
intron_added-3043	668
intron_added-3044	258
intron_added-3045	513
intron_added-3046	956
intron_added-3047	2877
intron_added-3048	684
intron_added-3049	864
intron_added-3050	668
intron_added-3051	258
intron_added-3052	9773
intron_added-3053	74
intron_added-3054	1729
intron_added-3055	450
intron_added-3056	982
intron_added-3057	588
intron_added-3058	74
intron_added-3059	1729
intron_added-3060	450
intron_added-3061	814
intron_added-3062	588
intron_added-3063	1120
intron_added-3064	1460
intron_added-3065	187
intron_added-3066	301
intron_added-3067	672
intron_added-3068	4956
intron_added-3069	519
intron_added-3070	657
intron_added-3071	586
intron_added-3072	336
intron_added-3073	373
intron_added-3074	1837
intron_added-3075	1682
intron_added-3076	167
intron_added-3077	2935
intron_added-3078	89
intron_added-3079	90
intron_added-3080	361
intron_added-3081	2172
intron_added-3082	29279
intron_added-3083	61415
intron_added-3084	73742
intron_added-3085	1396
intron_added-3086	416
intron_added-3087	297
intron_added-3088	3995
intron_added-3089	544
intron_added-3090	610
intron_added-3091	5535
intron_added-3092	1214
intron_added-3093	820
intron_added-3094	2246
intron_added-3095	520
intron_added-3096	1508
intron_added-3097	664
intron_added-3098	2044
intron_added-3099	17161
intron_added-3100	404
intron_added-3101	297
intron_added-3102	179
intron_added-3103	418
intron_added-3104	238
intron_added-3105	492
intron_added-3106	248
intron_added-3107	139
intron_added-3108	519
intron_added-3109	805
intron_added-3110	313
intron_added-3111	40
intron_added-3112	1580
intron_added-3113	82
intron_added-3114	122
intron_added-3115	76
intron_added-3116	1080
intron_added-3117	113
intron_added-3118	84
intron_added-3119	615
intron_added-3120	999
intron_added-3121	1829
intron_added-3122	391
intron_added-3123	1786
intron_added-3124	80
intron_added-3125	6205
intron_added-3126	155
intron_added-3127	2710
intron_added-3128	5002
intron_added-3129	1051
intron_added-3130	52
intron_added-3131	287
intron_added-3132	18587
intron_added-3133	2280
intron_added-3134	6235
intron_added-3135	13484
intron_added-3136	32452
intron_added-3137	121
intron_added-3138	96
intron_added-3139	10658
intron_added-3140	121
intron_added-3141	96
intron_added-3142	13335
intron_added-3143	109
intron_added-3144	701
intron_added-3145	332
intron_added-3146	634
intron_added-3147	1156
intron_added-3148	665
intron_added-3149	422
intron_added-3150	81
intron_added-3151	85206
intron_added-3152	68725
intron_added-3153	16500
intron_added-3154	39943
intron_added-3155	28758
intron_added-3156	16500
intron_added-3157	71
intron_added-3158	127
intron_added-3159	91
intron_added-3160	4123
intron_added-3161	193
intron_added-3162	14830
intron_added-3163	4294
intron_added-3164	3336
intron_added-3165	61
intron_added-3166	1105
intron_added-3167	599
intron_added-3168	1212
intron_added-3169	346
intron_added-3170	375
intron_added-3171	120
intron_added-3172	1209
intron_added-3173	338
intron_added-3174	68
intron_added-3175	1206
intron_added-3176	264
intron_added-3177	461
intron_added-3178	746
intron_added-3179	1436
intron_added-3180	126
intron_added-3181	103
intron_added-3182	8325
intron_added-3183	3884
intron_added-3184	253
intron_added-3185	390
intron_added-3186	632
intron_added-3187	4725
intron_added-3188	199
intron_added-3189	420
intron_added-3190	314
intron_added-3191	188
intron_added-3192	188
intron_added-3193	339
intron_added-3194	228
intron_added-3195	236
intron_added-3196	92
intron_added-3197	184
intron_added-3198	558
intron_added-3199	81
intron_added-3200	3849
intron_added-3201	3342
intron_added-3202	395
intron_added-3203	542
intron_added-3204	519
intron_added-3205	56
intron_added-3206	41
intron_added-3207	105
intron_added-3208	3104
intron_added-3209	378
intron_added-3210	1005
intron_added-3211	587
intron_added-3212	597
intron_added-3213	5886
intron_added-3214	338
intron_added-3215	997
intron_added-3216	1276
intron_added-3217	3479
intron_added-3218	19157
intron_added-3219	333
intron_added-3220	651
intron_added-3221	1289
intron_added-3222	188
intron_added-3223	599
intron_added-3224	235
intron_added-3225	392
intron_added-3226	7810
intron_added-3227	929
intron_added-3228	1084
intron_added-3229	1580
intron_added-3230	503
intron_added-3231	267
intron_added-3232	1657
intron_added-3233	264
intron_added-3234	264
intron_added-3235	3734
intron_added-3236	1603
intron_added-3237	757
intron_added-3238	841
intron_added-3239	407
intron_added-3240	408
intron_added-3241	288
intron_added-3242	504
intron_added-3243	829
intron_added-3244	593
intron_added-3245	511
intron_added-3246	679
intron_added-3247	2573
intron_added-3248	1042
intron_added-3249	1344
intron_added-3250	5749
intron_added-3251	1282
intron_added-3252	1194
intron_added-3253	216
intron_added-3254	8677
intron_added-3255	1129
intron_added-3256	442
intron_added-3257	863
intron_added-3258	436
intron_added-3259	485
intron_added-3260	1254
intron_added-3261	574
intron_added-3262	1227
intron_added-3263	442
intron_added-3264	1839
intron_added-3265	1108
intron_added-3266	441
intron_added-3267	1186
intron_added-3268	306
intron_added-3269	3788
intron_added-3270	475
intron_added-3271	180
intron_added-3272	2461
intron_added-3273	3568
intron_added-3274	3058
intron_added-3275	1251
intron_added-3276	2518
intron_added-3277	8377
intron_added-3278	2667
intron_added-3279	5724
intron_added-3280	4359
intron_added-3281	5512
intron_added-3282	2218
intron_added-3283	6628
intron_added-3284	630
intron_added-3285	264
intron_added-3286	10237
intron_added-3287	5657
intron_added-3288	3804
intron_added-3289	20639
intron_added-3290	19328
intron_added-3291	35275
intron_added-3292	4095
intron_added-3293	2369
intron_added-3294	2729
intron_added-3295	1241
intron_added-3296	988
intron_added-3297	264
intron_added-3298	1642
intron_added-3299	1050
intron_added-3300	24191
intron_added-3301	2440
intron_added-3302	1238
intron_added-3303	1405
intron_added-3304	851
intron_added-3305	780
intron_added-3306	436
intron_added-3307	24576
intron_added-3308	224
intron_added-3309	344
intron_added-3310	534
intron_added-3311	483
intron_added-3312	405
intron_added-3313	2197
intron_added-3314	1173
intron_added-3315	611
intron_added-3316	4206
intron_added-3317	1342
intron_added-3318	1100
intron_added-3319	2867
intron_added-3320	789
intron_added-3321	529
intron_added-3322	79
intron_added-3323	2844
intron_added-3324	472
intron_added-3325	1336
intron_added-3326	256
intron_added-3327	144
intron_added-3328	1855
intron_added-3329	98
intron_added-3330	758
intron_added-3331	729
intron_added-3332	2147
intron_added-3333	68
intron_added-3334	78
intron_added-3335	2498
intron_added-3336	1009
intron_added-3337	472
intron_added-3338	110
intron_added-3339	425
intron_added-3340	487
intron_added-3341	2394
intron_added-3342	1562
intron_added-3343	4407
intron_added-3344	1522
intron_added-3345	1734
intron_added-3346	346
intron_added-3347	729
intron_added-3348	491
intron_added-3349	1371
intron_added-3350	1259
intron_added-3351	7370
intron_added-3352	1302
intron_added-3353	3212
intron_added-3354	2119
intron_added-3355	953
intron_added-3356	987
intron_added-3357	1064
intron_added-3358	2350
intron_added-3359	531
intron_added-3360	946
intron_added-3361	3658
intron_added-3362	1211
intron_added-3363	778
intron_added-3364	619
intron_added-3365	910
intron_added-3366	777
intron_added-3367	441
intron_added-3368	880
intron_added-3369	1965
intron_added-3370	711
intron_added-3371	367
intron_added-3372	799
intron_added-3373	812
intron_added-3374	2142
intron_added-3375	1459
intron_added-3376	714
intron_added-3377	3644
intron_added-3378	3112
intron_added-3379	5550
intron_added-3380	15600
intron_added-3381	104064
intron_added-3382	1169
intron_added-3383	9448
intron_added-3384	25067
intron_added-3385	65555
intron_added-3386	3293
intron_added-3387	292
intron_added-3388	4902
intron_added-3389	241
intron_added-3390	211
intron_added-3391	675
intron_added-3392	1495
intron_added-3393	505
intron_added-3394	38851
intron_added-3395	25063
intron_added-3396	37950
intron_added-3397	337
intron_added-3398	321
intron_added-3399	1532
intron_added-3400	1638
intron_added-3401	963
intron_added-3402	153
intron_added-3403	337
intron_added-3404	321
intron_added-3405	1532
intron_added-3406	1638
intron_added-3407	963
intron_added-3408	95
intron_added-3409	8032
intron_added-3410	2246
intron_added-3411	93
intron_added-3412	2957
intron_added-3413	36104
intron_added-3414	2378
intron_added-3415	2321
intron_added-3416	1101
intron_added-3417	3209
intron_added-3418	1114
intron_added-3419	11252
intron_added-3420	1683
intron_added-3421	230
intron_added-3422	81
intron_added-3423	69
intron_added-3424	1917
intron_added-3425	69
intron_added-3426	70
intron_added-3427	2370
intron_added-3428	4680
intron_added-3429	835
intron_added-3430	221
intron_added-3431	1374
intron_added-3432	183
intron_added-3433	312
intron_added-3434	190
intron_added-3435	1374
intron_added-3436	183
intron_added-3437	312
intron_added-3438	445
intron_added-3439	1374
intron_added-3440	183
intron_added-3441	312
intron_added-3442	68
intron_added-3443	447
intron_added-3444	81
intron_added-3445	4820
intron_added-3446	2863
intron_added-3447	1514
intron_added-3448	401
intron_added-3449	185
intron_added-3450	385
intron_added-3451	132
intron_added-3452	651
intron_added-3453	1731
intron_added-3454	271
intron_added-3455	489
intron_added-3456	152
intron_added-3457	2824
intron_added-3458	1015
intron_added-3459	318
intron_added-3460	471
intron_added-3461	867
intron_added-3462	116
